{
  "current_regime": "BEAR",
  "days_in_regime": 16,
  "P_prev": {
    "BULL": 0.04812782697529604,
    "BEAR": 0.5530935708037883,
    "RANGE": 0.03487152576073794,
    "TRANSITION": 0.3639070764601775
  },
  "bucket_history": {
    "Momentum": [
      -0.9257175446284626,
      -0.9190374313438396,
      -0.9222168769574258,
      -0.9146710492760528,
      -0.9141593509343313,
      -0.9080553860698639,
      -0.9066759528981143,
      -0.9059009035112817,
      -0.9110608267741949,
      -0.9104652249370009,
      -0.9130160660228492,
      -0.910824945524661,
      -0.8947479114521766,
      -0.9001650636183299,
      -0.898799664849142,
      -0.9040612157143276,
      -0.884007860524713,
      -0.8839549349604543,
      -0.8829152130801468,
      -0.8799567321068871,
      -0.8800415955116467,
      -0.8795439873655562,
      -0.8658765817759324,
      -0.8791802199793417,
      -0.8811493818510445,
      -0.8843526716972099,
      -0.8761279059746164,
      -0.8785748963903678,
      -0.8217955097693959,
      -0.8680380837276396,
      -0.7117509455025681
    ],
    "Stability": [
      -0.9781398095642689,
      -1.0,
      -1.0,
      -1.0,
      -1.0,
      -1.0,
      -1.0,
      -1.0,
      -1.0,
      -1.0,
      -1.0,
      -1.0,
      -1.0,
      -1.0,
      -1.0,
      -1.0,
      -1.0,
      -1.0,
      -1.0,
      -1.0,
      -1.0,
      -1.0,
      -1.0,
      -1.0,
      -1.0,
      -1.0,
      -1.0,
      -1.0,
      -1.0,
      -1.0,
      -0.9720215033366131
    ],
    "Rotation": [
      0.0,
      0.0,
      0.0,
      0.0,
      0.0,
      0.0,
      0.0,
      0.0,
      0.0,
      0.0,
      0.0,
      0.0,
      0.0,
      0.0,
      0.0,
      0.0,
      0.0,
      0.0,
      0.0,
      0.0,
      0.0,
      0.0,
      0.0,
      0.0,
      0.0,
      0.0,
      0.0,
      0.0,
      0.0,
      -0.30891925580010793,
      -0.30994056356953836
    ],
    "Sentiment": [
      -0.35,
      -0.35,
      -0.35,
      -0.35,
      -0.35,
      -0.35,
      -0.35,
      -0.35,
      -0.35,
      -0.35,
      -0.35,
      -0.35,
      -0.35,
      -0.35,
      -0.35,
      -0.35,
      -0.35,
      -0.35,
      -0.35,
      -0.35,
      -0.35,
      -0.35,
      -0.35,
      -0.35,
      -0.35,
      0.050000000000000044,
      0.035802456070136546,
      0.03687036874644112,
      0.050000000000000044,
      0.050000000000000044,
      -0.08312815420984515
    ],
    "Macro": [
      0.02242024870302889,
      0.02242024870302889,
      0.005504308520280554,
      0.005504308520280554,
      0.005504308520280554,
      0.09685928252594117,
      0.26030530738014507,
      0.27396162408302643,
      0.08356496366444854,
      0.10115548627879245,
      0.27666681424778977,
      0.21694388482442456,
      0.3603167479959206,
      0.3432673106400915,
      -0.04464687706067394,
      -0.10736862084943755,
      0.1900693421436529,
      0.1900693421436529,
      0.1900693421436529,
      0.1900693421436529,
      0.1900693421436529,
      0.1900693421436529,
      0.18949778541628615,
      0.18949778541628615,
      0.14645153525967103,
      0.11377562448267253,
      0.07732161749890926,
      0.08109788675677504,
      0.2904362348906715,
      0.1659136542671502,
      -0.03666008728829773
    ]
  },
  "regime_log": [
    "TRANSITION",
    "TRANSITION",
    "TRANSITION",
    "TRANSITION",
    "TRANSITION",
    "TRANSITION",
    "TRANSITION",
    "TRANSITION",
    "TRANSITION",
    "TRANSITION",
    "TRANSITION",
    "TRANSITION",
    "TRANSITION",
    "TRANSITION",
    "BEAR",
    "BEAR",
    "BEAR",
    "BEAR",
    "BEAR",
    "BEAR",
    "BEAR",
    "BEAR",
    "BEAR",
    "BEAR",
    "BEAR",
    "BEAR",
    "BEAR",
    "BEAR",
    "BEAR",
    "BEAR",
    "BEAR"
  ],
  "holds_for": 23,
  "holds_candidate": "BEAR",
  "last_run": "2026-02-19T07:50:14.986239",
  "model_version": "3.3",
  "btc_dom_history": [
    56.581720674646895,
    56.561457305735566,
    56.79079197095438,
    57.12563253844942,
    57.14745580584547,
    57.19059804794841,
    56.98437248984972,
    57.04128554804567,
    56.935368389104624,
    57.03988402863608,
    56.783518056085114,
    56.874692732016655,
    56.5527469360857,
    56.36232398302264,
    56.489876724105514,
    56.47724689173595,
    56.60946293501185,
    56.6224281950531,
    56.67005413971147,
    56.65441265497838,
    56.66261760202143,
    56.43857537036793,
    56.500058794779406,
    56.666657255373586,
    56.7063385384436,
    56.41492352172798,
    56.455417921584186,
    56.2242140705248,
    56.251295398292555,
    56.10014802347237,
    56.279951435744614
  ],
  "oi_history": [
    2970063.3000000115,
    2939170.9500000123,
    2920136.850000014,
    2943816.510000013,
    2947593.0000000135,
    2990395.0200000117
  ]
}