{
  "current_regime": "TRANSITION",
  "days_in_regime": 6,
  "P_prev": {
    "BULL": 0.049739049696736856,
    "BEAR": 0.44758599412644096,
    "RANGE": 0.035112722575427385,
    "TRANSITION": 0.4675622336013949
  },
  "bucket_history": {
    "Momentum": [
      -0.9257175446284626,
      -0.9190374313438396,
      -0.9222168769574258,
      -0.9146710492760528,
      -0.9141593509343313,
      -0.9080553860698639
    ],
    "Stability": [
      -0.9781398095642689,
      -1.0,
      -1.0,
      -1.0,
      -1.0,
      -1.0
    ],
    "Rotation": [
      0.0,
      0.0,
      0.0,
      0.0,
      0.0,
      0.0
    ],
    "Sentiment": [
      -0.35,
      -0.35,
      -0.35,
      -0.35,
      -0.35,
      -0.35
    ],
    "Macro": [
      0.02242024870302889,
      0.02242024870302889,
      0.005504308520280554,
      0.005504308520280554,
      0.005504308520280554,
      0.09685928252594117
    ]
  },
  "regime_log": [
    "TRANSITION",
    "TRANSITION",
    "TRANSITION",
    "TRANSITION",
    "TRANSITION",
    "TRANSITION"
  ],
  "holds_for": 6,
  "holds_candidate": "TRANSITION",
  "last_run": "2026-02-09T07:58:28.921016",
  "model_version": "3.3",
  "btc_dom_history": [
    56.581720674646895,
    56.561457305735566,
    56.79079197095438,
    57.12563253844942,
    57.14745580584547,
    57.19059804794841
  ],
  "oi_history": []
}