{
  "current_regime": "BEAR",
  "days_in_regime": 0,
  "P_prev": {
    "BULL": 0.03847898023330763,
    "BEAR": 0.5512407008155712,
    "RANGE": 0.029203293988610688,
    "TRANSITION": 0.3810770249625105
  },
  "bucket_history": {
    "Momentum": [
      -0.9257175446284626,
      -0.9190374313438396,
      -0.9222168769574258,
      -0.9146710492760528,
      -0.9141593509343313,
      -0.9080553860698639,
      -0.9066759528981143,
      -0.9059009035112817,
      -0.9110608267741949,
      -0.9104652249370009,
      -0.9130160660228492,
      -0.910824945524661,
      -0.8947479114521766,
      -0.9001650636183299,
      -0.898799664849142
    ],
    "Stability": [
      -0.9781398095642689,
      -1.0,
      -1.0,
      -1.0,
      -1.0,
      -1.0,
      -1.0,
      -1.0,
      -1.0,
      -1.0,
      -1.0,
      -1.0,
      -1.0,
      -1.0,
      -1.0
    ],
    "Rotation": [
      0.0,
      0.0,
      0.0,
      0.0,
      0.0,
      0.0,
      0.0,
      0.0,
      0.0,
      0.0,
      0.0,
      0.0,
      0.0,
      0.0,
      0.0
    ],
    "Sentiment": [
      -0.35,
      -0.35,
      -0.35,
      -0.35,
      -0.35,
      -0.35,
      -0.35,
      -0.35,
      -0.35,
      -0.35,
      -0.35,
      -0.35,
      -0.35,
      -0.35,
      -0.35
    ],
    "Macro": [
      0.02242024870302889,
      0.02242024870302889,
      0.005504308520280554,
      0.005504308520280554,
      0.005504308520280554,
      0.09685928252594117,
      0.26030530738014507,
      0.27396162408302643,
      0.08356496366444854,
      0.10115548627879245,
      0.27666681424778977,
      0.21694388482442456,
      0.3603167479959206,
      0.3432673106400915,
      -0.04464687706067394
    ]
  },
  "regime_log": [
    "TRANSITION",
    "TRANSITION",
    "TRANSITION",
    "TRANSITION",
    "TRANSITION",
    "TRANSITION",
    "TRANSITION",
    "TRANSITION",
    "TRANSITION",
    "TRANSITION",
    "TRANSITION",
    "TRANSITION",
    "TRANSITION",
    "TRANSITION",
    "BEAR"
  ],
  "holds_for": 7,
  "holds_candidate": "BEAR",
  "last_run": "2026-02-13T04:50:32.292338",
  "model_version": "3.3",
  "btc_dom_history": [
    56.581720674646895,
    56.561457305735566,
    56.79079197095438,
    57.12563253844942,
    57.14745580584547,
    57.19059804794841,
    56.98437248984972,
    57.04128554804567,
    56.935368389104624,
    57.03988402863608,
    56.783518056085114,
    56.874692732016655,
    56.5527469360857,
    56.36232398302264,
    56.489876724105514
  ],
  "oi_history": []
}