{
  "current_regime": "TRANSITION",
  "days_in_regime": 4,
  "P_prev": {
    "BULL": 0.046361814387796504,
    "BEAR": 0.4285670792879672,
    "RANGE": 0.031726393168341124,
    "TRANSITION": 0.49334471315589523
  },
  "bucket_history": {
    "Momentum": [
      -0.9257175446284626,
      -0.9190374313438396,
      -0.9222168769574258,
      -0.9146710492760528
    ],
    "Stability": [
      -0.9781398095642689,
      -1.0,
      -1.0,
      -1.0
    ],
    "Rotation": [
      0.0,
      0.0,
      0.0,
      0.0
    ],
    "Sentiment": [
      -0.35,
      -0.35,
      -0.35,
      -0.35
    ],
    "Macro": [
      0.02242024870302889,
      0.02242024870302889,
      0.005504308520280554,
      0.005504308520280554
    ]
  },
  "regime_log": [
    "TRANSITION",
    "TRANSITION",
    "TRANSITION",
    "TRANSITION"
  ],
  "holds_for": 4,
  "holds_candidate": "TRANSITION",
  "last_run": "2026-02-08T16:24:40.343795",
  "model_version": "3.3",
  "btc_dom_history": [
    56.581720674646895,
    56.561457305735566,
    56.79079197095438,
    57.12563253844942
  ],
  "oi_history": []
}