{
  "current_regime": "TRANSITION",
  "days_in_regime": 9,
  "P_prev": {
    "BULL": 0.053674990559215284,
    "BEAR": 0.4633588113181361,
    "RANGE": 0.038816402533724544,
    "TRANSITION": 0.4441497955889242
  },
  "bucket_history": {
    "Momentum": [
      -0.9257175446284626,
      -0.9190374313438396,
      -0.9222168769574258,
      -0.9146710492760528,
      -0.9141593509343313,
      -0.9080553860698639,
      -0.9066759528981143,
      -0.9059009035112817,
      -0.9110608267741949
    ],
    "Stability": [
      -0.9781398095642689,
      -1.0,
      -1.0,
      -1.0,
      -1.0,
      -1.0,
      -1.0,
      -1.0,
      -1.0
    ],
    "Rotation": [
      0.0,
      0.0,
      0.0,
      0.0,
      0.0,
      0.0,
      0.0,
      0.0,
      0.0
    ],
    "Sentiment": [
      -0.35,
      -0.35,
      -0.35,
      -0.35,
      -0.35,
      -0.35,
      -0.35,
      -0.35,
      -0.35
    ],
    "Macro": [
      0.02242024870302889,
      0.02242024870302889,
      0.005504308520280554,
      0.005504308520280554,
      0.005504308520280554,
      0.09685928252594117,
      0.26030530738014507,
      0.27396162408302643,
      0.08356496366444854
    ]
  },
  "regime_log": [
    "TRANSITION",
    "TRANSITION",
    "TRANSITION",
    "TRANSITION",
    "TRANSITION",
    "TRANSITION",
    "TRANSITION",
    "TRANSITION",
    "TRANSITION"
  ],
  "holds_for": 1,
  "holds_candidate": "BEAR",
  "last_run": "2026-02-10T07:59:53.649728",
  "model_version": "3.3",
  "btc_dom_history": [
    56.581720674646895,
    56.561457305735566,
    56.79079197095438,
    57.12563253844942,
    57.14745580584547,
    57.19059804794841,
    56.98437248984972,
    57.04128554804567,
    56.935368389104624
  ],
  "oi_history": []
}