{
  "current_regime": "BEAR",
  "days_in_regime": 37,
  "P_prev": {
    "BULL": 0.09028411723113561,
    "BEAR": 0.3571452906764118,
    "RANGE": 0.07471197893689593,
    "TRANSITION": 0.47785861315555656
  },
  "bucket_history": {
    "Momentum": [
      -0.9257175446284626,
      -0.9190374313438396,
      -0.9222168769574258,
      -0.9146710492760528,
      -0.9141593509343313,
      -0.9080553860698639,
      -0.9066759528981143,
      -0.9059009035112817,
      -0.9110608267741949,
      -0.9104652249370009,
      -0.9130160660228492,
      -0.910824945524661,
      -0.8947479114521766,
      -0.9001650636183299,
      -0.898799664849142,
      -0.9040612157143276,
      -0.884007860524713,
      -0.8839549349604543,
      -0.8829152130801468,
      -0.8799567321068871,
      -0.8800415955116467,
      -0.8795439873655562,
      -0.8658765817759324,
      -0.8791802199793417,
      -0.8811493818510445,
      -0.8843526716972099,
      -0.8761279059746164,
      -0.8785748963903678,
      -0.8217955097693959,
      -0.8680380837276396,
      -0.7117509455025681,
      -0.7304477072290625,
      -0.6561988007521727,
      -0.6583434013216375,
      -0.6504229719627996,
      -0.6087041605201711,
      -0.6184012057814163,
      -0.7162963839907577,
      -0.7999504251900394,
      -0.766434395102714,
      -0.672049518144749,
      -0.5428773530016837,
      -0.45527070109101897,
      -0.46055370959937303,
      -0.5019189641358637,
      -0.4446097061739283,
      -0.5280762118016604,
      -0.5865987774631305,
      -0.45756695591166663,
      -0.38724920369387217,
      -0.04994597845747309,
      0.04914698582516727
    ],
    "Stability": [
      -0.9781398095642689,
      -1.0,
      -1.0,
      -1.0,
      -1.0,
      -1.0,
      -1.0,
      -1.0,
      -1.0,
      -1.0,
      -1.0,
      -1.0,
      -1.0,
      -1.0,
      -1.0,
      -1.0,
      -1.0,
      -1.0,
      -1.0,
      -1.0,
      -1.0,
      -1.0,
      -1.0,
      -1.0,
      -1.0,
      -1.0,
      -1.0,
      -1.0,
      -1.0,
      -1.0,
      -0.9720215033366131,
      -0.9777871508312774,
      -0.9217296538296695,
      -0.6660403957915833,
      -0.6771541567424274,
      -1.0,
      -1.0,
      -0.650924567052942,
      -0.6264388125061545,
      -0.5955116856003458,
      -0.664561210636421,
      -0.6454929473962401,
      -0.48557096905310587,
      -0.48315600189102037,
      -0.40785208957913077,
      -0.6302420639828591,
      -0.561459598692369,
      -0.611472306276154,
      -0.6906647085403818,
      -0.5631585588803387,
      -0.41383464947337295,
      -0.4582817820021461
    ],
    "Rotation": [
      0.0,
      0.0,
      0.0,
      0.0,
      0.0,
      0.0,
      0.0,
      0.0,
      0.0,
      0.0,
      0.0,
      0.0,
      0.0,
      0.0,
      0.0,
      0.0,
      0.0,
      0.0,
      0.0,
      0.0,
      0.0,
      0.0,
      0.0,
      0.0,
      0.0,
      0.0,
      0.0,
      0.0,
      0.0,
      -0.30891925580010793,
      -0.30994056356953836,
      -0.13058503843151406,
      0.6369470584659238,
      0.17902237005384,
      0.697048501857956,
      1.0,
      1.0,
      0.5046621137921377,
      -0.5564348872507946,
      -0.6767396753181611,
      -0.19479973683848978,
      -0.32772858234767793,
      -0.6383389183478955,
      -0.8157785161602508,
      -0.5224584708187352,
      0.837530205539653,
      0.7781864788270073,
      -0.0003006682746977094,
      0.45200928744875957,
      -0.24923877133258998,
      0.053494587950622154,
      0.521834004393009
    ],
    "Sentiment": [
      -0.35,
      -0.35,
      -0.35,
      -0.35,
      -0.35,
      -0.35,
      -0.35,
      -0.35,
      -0.35,
      -0.35,
      -0.35,
      -0.35,
      -0.35,
      -0.35,
      -0.35,
      -0.35,
      -0.35,
      -0.35,
      -0.35,
      -0.35,
      -0.35,
      -0.35,
      -0.35,
      -0.35,
      -0.35,
      0.050000000000000044,
      0.035802456070136546,
      0.03687036874644112,
      0.050000000000000044,
      0.050000000000000044,
      -0.08312815420984515,
      -0.20079908645586395,
      0.019940064692342496,
      0.01569872452135973,
      -0.5014108442606817,
      -0.008746176655359483,
      -0.008684724475262195,
      -0.19999999999999996,
      -0.20055206164007658,
      0.04837261819094118,
      -0.2794386664820936,
      -0.380218047753886,
      -0.5848985095237752,
      -0.32749398621414116,
      -0.5440043972649473,
      0.10973371218727015,
      0.2859538392359032,
      0.12785772139484103,
      0.04096242683594872,
      -0.3943235820025809,
      -0.7760091501944548,
      -0.27464616672435493
    ],
    "Macro": [
      0.02242024870302889,
      0.02242024870302889,
      0.005504308520280554,
      0.005504308520280554,
      0.005504308520280554,
      0.09685928252594117,
      0.26030530738014507,
      0.27396162408302643,
      0.08356496366444854,
      0.10115548627879245,
      0.27666681424778977,
      0.21694388482442456,
      0.3603167479959206,
      0.3432673106400915,
      -0.04464687706067394,
      -0.10736862084943755,
      0.1900693421436529,
      0.1900693421436529,
      0.1900693421436529,
      0.1900693421436529,
      0.1900693421436529,
      0.1900693421436529,
      0.18949778541628615,
      0.18949778541628615,
      0.14645153525967103,
      0.11377562448267253,
      0.07732161749890926,
      0.08109788675677504,
      0.2904362348906715,
      0.1659136542671502,
      -0.03666008728829773,
      -0.1049956631753668,
      -0.23768511467099374,
      -0.20712302107946334,
      -0.20830944975277715,
      -0.20830944975277715,
      -0.20497938380019692,
      -0.169076216019373,
      -0.2837006622507528,
      -0.2641755614287551,
      -0.1075042111380072,
      -0.13765360472040047,
      -0.061910330969925736,
      -0.05991387028663184,
      -0.17259196573302718,
      -0.1539758289237668,
      -0.21815312310005155,
      -0.16004727940324695,
      -0.09469046003155299,
      -0.09469046003155299,
      -0.10811380396586937,
      -0.10811380396586937
    ]
  },
  "regime_log": [
    "TRANSITION",
    "TRANSITION",
    "TRANSITION",
    "TRANSITION",
    "TRANSITION",
    "TRANSITION",
    "TRANSITION",
    "TRANSITION",
    "TRANSITION",
    "TRANSITION",
    "TRANSITION",
    "TRANSITION",
    "TRANSITION",
    "TRANSITION",
    "BEAR",
    "BEAR",
    "BEAR",
    "BEAR",
    "BEAR",
    "BEAR",
    "BEAR",
    "BEAR",
    "BEAR",
    "BEAR",
    "BEAR",
    "BEAR",
    "BEAR",
    "BEAR",
    "BEAR",
    "BEAR",
    "BEAR",
    "BEAR",
    "BEAR",
    "BEAR",
    "BEAR",
    "BEAR",
    "BEAR",
    "BEAR",
    "BEAR",
    "BEAR",
    "BEAR",
    "BEAR",
    "BEAR",
    "BEAR",
    "BEAR",
    "BEAR",
    "BEAR",
    "BEAR",
    "BEAR",
    "BEAR",
    "BEAR",
    "BEAR"
  ],
  "holds_for": 3,
  "holds_candidate": "TRANSITION",
  "last_run": "2026-03-01T09:57:03.113705",
  "model_version": "3.3",