{
  "current_regime": "TRANSITION",
  "days_in_regime": 3,
  "P_prev": {
    "BULL": 0.04530719962921991,
    "BEAR": 0.4199997449175446,
    "RANGE": 0.030465935290492727,
    "TRANSITION": 0.5042271201627428
  },
  "bucket_history": {
    "Momentum": [
      -0.9257175446284626,
      -0.9190374313438396,
      -0.9222168769574258
    ],
    "Stability": [
      -0.9781398095642689,
      -1.0,
      -1.0
    ],
    "Rotation": [
      0.0,
      0.0,
      0.0
    ],
    "Sentiment": [
      -0.35,
      -0.35,
      -0.35
    ],
    "Macro": [
      0.02242024870302889,
      0.02242024870302889,
      0.005504308520280554
    ]
  },
  "regime_log": [
    "TRANSITION",
    "TRANSITION",
    "TRANSITION"
  ],
  "holds_for": 3,
  "holds_candidate": "TRANSITION",
  "last_run": "2026-02-08T07:39:45.745424",
  "model_version": "3.3",
  "btc_dom_history": [
    56.581720674646895,
    56.561457305735566,
    56.79079197095438
  ],
  "oi_history": []
}