{
  "current_regime": "TRANSITION",
  "days_in_regime": 2,
  "P_prev": {
    "BULL": 0.04322495405597997,
    "BEAR": 0.3978072105124323,
    "RANGE": 0.027662359766450394,
    "TRANSITION": 0.5313054756651374
  },
  "bucket_history": {
    "Momentum": [
      -0.9257175446284626,
      -0.9190374313438396
    ],
    "Stability": [
      -0.9781398095642689,
      -1.0
    ],
    "Rotation": [
      0.0,
      0.0
    ],
    "Sentiment": [
      -0.35,
      -0.35
    ],
    "Macro": [
      0.02242024870302889,
      0.02242024870302889
    ]
  },
  "regime_log": [
    "TRANSITION",
    "TRANSITION"
  ],
  "holds_for": 2,
  "holds_candidate": "TRANSITION",
  "last_run": "2026-02-07T19:25:06.248533",
  "model_version": "3.3",
  "btc_dom_history": [
    56.581720674646895,
    56.561457305735566
  ],
  "oi_history": []
}