{
  "current_regime": "TRANSITION",
  "days_in_regime": 11,
  "P_prev": {
    "BULL": 0.04538726456606177,
    "BEAR": 0.49224479545440086,
    "RANGE": 0.03258853575261787,
    "TRANSITION": 0.4297794042269195
  },
  "bucket_history": {
    "Momentum": [
      -0.9257175446284626,
      -0.9190374313438396,
      -0.9222168769574258,
      -0.9146710492760528,
      -0.9141593509343313,
      -0.9080553860698639,
      -0.9066759528981143,
      -0.9059009035112817,
      -0.9110608267741949,
      -0.9104652249370009,
      -0.9130160660228492
    ],
    "Stability": [
      -0.9781398095642689,
      -1.0,
      -1.0,
      -1.0,
      -1.0,
      -1.0,
      -1.0,
      -1.0,
      -1.0,
      -1.0,
      -1.0
    ],
    "Rotation": [
      0.0,
      0.0,
      0.0,
      0.0,
      0.0,
      0.0,
      0.0,
      0.0,
      0.0,
      0.0,
      0.0
    ],
    "Sentiment": [
      -0.35,
      -0.35,
      -0.35,
      -0.35,
      -0.35,
      -0.35,
      -0.35,
      -0.35,
      -0.35,
      -0.35,
      -0.35
    ],
    "Macro": [
      0.02242024870302889,
      0.02242024870302889,
      0.005504308520280554,
      0.005504308520280554,
      0.005504308520280554,
      0.09685928252594117,
      0.26030530738014507,
      0.27396162408302643,
      0.08356496366444854,
      0.10115548627879245,
      0.27666681424778977
    ]
  },
  "regime_log": [
    "TRANSITION",
    "TRANSITION",
    "TRANSITION",
    "TRANSITION",
    "TRANSITION",
    "TRANSITION",
    "TRANSITION",
    "TRANSITION",
    "TRANSITION",
    "TRANSITION",
    "TRANSITION"
  ],
  "holds_for": 3,
  "holds_candidate": "BEAR",
  "last_run": "2026-02-11T07:56:34.753633",
  "model_version": "3.3",
  "btc_dom_history": [
    56.581720674646895,
    56.561457305735566,
    56.79079197095438,
    57.12563253844942,
    57.14745580584547,
    57.19059804794841,
    56.98437248984972,
    57.04128554804567,
    56.935368389104624,
    57.03988402863608,
    56.783518056085114
  ],
  "oi_history": []
}